{
  "project_info": {
    "project_number": "1033531979252",
    "project_id": "magicdevicefinder",
    "storage_bucket": "magicdevicefinder.appspot.com"
  },
  "client": [
    {
      "client_info": {
        "mobilesdk_app_id": "1:1033531979252:android:0535f53e9992d3fa8bf5a1",
        "android_client_info": {
          "package_name": "com.magiclogics.magicdevicefinder"
        }
      },
      "oauth_client": [
        {
          "client_id": "1033531979252-3fgomdkcqe90mc2simcfmkrb1cmdehch.apps.googleusercontent.com",
          "client_type": 3
        }
      ],
      "api_key": [
        {
          "current_key": "AIzaSyCjyx1aW_sO_shKz_ky06l3Y4ERavGHRus"
        }
      ],
      "services": {
        "appinvite_service": {
          "other_platform_oauth_client": [
            {
              "client_id": "1033531979252-3fgomdkcqe90mc2simcfmkrb1cmdehch.apps.googleusercontent.com",
              "client_type": 3
            }
          ]
        }
      }
    }
  ],
  "configuration_version": "1"
}