{
  "project_info": {
    "project_number": "759218426584",
    "project_id": "magiclogicssoftwareupdat-b9f8e",
    "storage_bucket": "magiclogicssoftwareupdat-b9f8e.appspot.com"
  },
  "client": [
    {
      "client_info": {
        "mobilesdk_app_id": "1:759218426584:android:9f2c3b1ef95b6171cf7dad",
        "android_client_info": {
          "package_name": "com.magiclogics.softwareupdate"
        }
      },
      "oauth_client": [
        {
          "client_id": "759218426584-q4mm0jt76b7ea7hdvvb29nihhdnfaoe6.apps.googleusercontent.com",
          "client_type": 3
        }
      ],
      "api_key": [
        {
          "current_key": "AIzaSyCw6pX1TTkcQJiMZhIeryww_zekOnMB6WU"
        }
      ],
      "services": {
        "appinvite_service": {
          "other_platform_oauth_client": [
            {
              "client_id": "759218426584-q4mm0jt76b7ea7hdvvb29nihhdnfaoe6.apps.googleusercontent.com",
              "client_type": 3
            }
          ]
        }
      }
    }
  ],
  "configuration_version": "1"
}